[
  {
    "id": "b57ddf03-da31-4d79-85e4-b4a41bfa2de6",
    "data": [
      {
        "text": "location",
        "alias": "address",
        "meta": "@sys.any",
        "userDefined": true
      },
      {
        "text": " of ",
        "userDefined": false
      },
      {
        "text": "changi",
        "alias": "hawkerName",
        "meta": "@sys.any",
        "userDefined": true
      },
      {
        "text": " food centre",
        "userDefined": false
      }
    ],
    "isTemplate": false,
    "count": 0,
    "updated": 0
  },
  {
    "id": "de0d7802-0c3f-481f-8911-a880450cad9e",
    "data": [
      {
        "text": "tell me ",
        "userDefined": false
      },
      {
        "text": "address",
        "alias": "address",
        "meta": "@sys.any",
        "userDefined": true
      },
      {
        "text": " of ",
        "userDefined": false
      },
      {
        "text": "paya lebar",
        "alias": "hawkerName",
        "meta": "@sys.any",
        "userDefined": true
      },
      {
        "text": " hawker centre",
        "userDefined": false
      }
    ],
    "isTemplate": false,
    "count": 0,
    "updated": 0
  },
  {
    "id": "3760da25-afc5-4b6c-bd50-a32f2c14966f",
    "data": [
      {
        "text": "tell",
        "alias": "details",
        "meta": "@sys.any",
        "userDefined": true
      },
      {
        "text": " me about ",
        "userDefined": false
      },
      {
        "text": "clementi",
        "alias": "hawkerName",
        "meta": "@sys.any",
        "userDefined": true
      },
      {
        "text": " hawker centre",
        "userDefined": false
      }
    ],
    "isTemplate": false,
    "count": 0,
    "updated": 0
  },
  {
    "id": "b466807a-08b5-4076-8a56-bf876e251b75",
    "data": [
      {
        "text": "what are the popular ",
        "userDefined": false
      },
      {
        "text": "dishes",
        "alias": "description",
        "meta": "@sys.any",
        "userDefined": true
      },
      {
        "text": " at ",
        "userDefined": false
      },
      {
        "text": "changi",
        "alias": "hawkerName",
        "meta": "@sys.any",
        "userDefined": true
      },
      {
        "text": " hawker centre",
        "userDefined": false
      }
    ],
    "isTemplate": false,
    "count": 0,
    "updated": 0
  },
  {
    "id": "bac1a8cd-5947-41ea-bb00-0a6154ad78d1",
    "data": [
      {
        "text": "is the ",
        "userDefined": false
      },
      {
        "text": "bedok",
        "alias": "hawkerName",
        "meta": "@sys.any",
        "userDefined": true
      },
      {
        "text": " interchange hawker centre ",
        "userDefined": false
      },
      {
        "text": "elderly friendly",
        "alias": "description",
        "meta": "@sys.any",
        "userDefined": true
      },
      {
        "text": "?",
        "userDefined": false
      }
    ],
    "isTemplate": false,
    "count": 0,
    "updated": 0
  },
  {
    "id": "25617a49-d979-4cb8-9f95-39b137ff07a1",
    "data": [
      {
        "text": "what are the ",
        "userDefined": false
      },
      {
        "text": "number",
        "alias": "stalls",
        "meta": "@sys.any",
        "userDefined": true
      },
      {
        "text": " of ",
        "userDefined": false
      },
      {
        "text": "stalls",
        "alias": "stalls",
        "meta": "@sys.any",
        "userDefined": true
      },
      {
        "text": " in ",
        "userDefined": false
      },
      {
        "text": "geylang",
        "alias": "hawkerName",
        "meta": "@sys.any",
        "userDefined": true
      },
      {
        "text": " hawker centre",
        "userDefined": false
      }
    ],
    "isTemplate": false,
    "count": 0,
    "updated": 0
  },
  {
    "id": "76f57c8d-32eb-4d62-b5a7-095dad1b2f8b",
    "data": [
      {
        "text": "tell me ",
        "userDefined": false
      },
      {
        "text": "details",
        "alias": "details",
        "meta": "@sys.any",
        "userDefined": true
      },
      {
        "text": " of ",
        "userDefined": false
      },
      {
        "text": "bedok",
        "alias": "hawkerName",
        "meta": "@sys.any",
        "userDefined": true
      },
      {
        "text": " hawker centre",
        "userDefined": false
      }
    ],
    "isTemplate": false,
    "count": 0,
    "updated": 0
  }
]