[
  {
    "id": "6aa86881-b161-4d5a-b649-4232d8e61712",
    "data": [
      {
        "text": "find something near me",
        "userDefined": false
      }
    ],
    "isTemplate": false,
    "count": 0,
    "updated": 0
  },
  {
    "id": "4e9a6739-1c3f-4019-bad3-f04beb4b48ae",
    "data": [
      {
        "text": "near me",
        "userDefined": false
      }
    ],
    "isTemplate": false,
    "count": 0,
    "updated": 0
  },
  {
    "id": "61266734-b312-4de1-a0ae-0e2ea9236159",
    "data": [
      {
        "text": "where can i eat",
        "userDefined": false
      }
    ],
    "isTemplate": false,
    "count": 0,
    "updated": 0
  },
  {
    "id": "9678d06c-0ad7-44f2-b455-61489775f10d",
    "data": [
      {
        "text": "which are the hawker centres nearby",
        "userDefined": false
      }
    ],
    "isTemplate": false,
    "count": 0,
    "updated": 0
  },
  {
    "id": "52ba44e1-0fb0-4748-b353-a1c037e9b459",
    "data": [
      {
        "text": "get nearest hawker centres",
        "userDefined": false
      }
    ],
    "isTemplate": false,
    "count": 0,
    "updated": 0
  },
  {
    "id": "eb580fc7-5036-4a3e-a0f6-1cfbe9debd37",
    "data": [
      {
        "text": "find nearest",
        "userDefined": false
      }
    ],
    "isTemplate": false,
    "count": 0,
    "updated": 0
  }
]