[
  {
    "id": "cab821e5-9df5-4c6b-bde8-e455e814e737",
    "data": [
      {
        "text": "what is the ",
        "userDefined": false
      },
      {
        "text": "price",
        "alias": "description",
        "meta": "@sys.any",
        "userDefined": true
      },
      {
        "text": " range",
        "userDefined": false
      }
    ],
    "isTemplate": false,
    "count": 0,
    "updated": 0
  },
  {
    "id": "f9b18b20-4741-4827-aaf3-d3bc0dbdce15",
    "data": [
      {
        "text": "what is the ",
        "userDefined": false
      },
      {
        "text": "rating",
        "alias": "rating",
        "meta": "@sys.any",
        "userDefined": true
      }
    ],
    "isTemplate": false,
    "count": 0,
    "updated": 0
  },
  {
    "id": "22f615cb-34c9-48b8-bdc8-c4c1c25ebb4d",
    "data": [
      {
        "text": "which is the nearest ",
        "userDefined": false
      },
      {
        "text": "mrt",
        "alias": "mrt",
        "meta": "@sys.any",
        "userDefined": true
      }
    ],
    "isTemplate": false,
    "count": 0,
    "updated": 0
  },
  {
    "id": "55a8de21-7c9b-442f-b30d-a617a3737d92",
    "data": [
      {
        "text": "what are the popular ",
        "userDefined": false
      },
      {
        "text": "dishes",
        "alias": "description",
        "meta": "@sys.any",
        "userDefined": true
      },
      {
        "text": " here",
        "userDefined": false
      }
    ],
    "isTemplate": false,
    "count": 0,
    "updated": 0
  }
]